,Tickets,Weights
0,AD.AS,0.1549025478545039
1,AIR.PA,0.0
2,ASML.AS,0.0047812718580908615
3,AZN.L,0.04071344188045279
4,BARC.L,0.0
5,BAS.DE,0.012901580595724528
6,BMW.DE,0.04257247313005923
7,BNP.PA,0.0
8,ENEL.MI,0.009221682709128248
9,HSBA.L,0.06574712868679736
10,NESN.SW,0.19452106584569545
11,NOVN.SW,0.14133684841099756
12,OR.PA,0.0
13,SAN.PA,0.05510126295993079
14,SAP.DE,0.08124197442370114
15,SIE.DE,7.26415455565288e-18
16,UNA.AS,0.1969587216449182
17,VOW3.DE,3.0357660829594124e-18
