,Tickets,Weights
0,AD.AS,0.1549024204153407
1,AIR.PA,0.0
2,ASML.AS,0.00478139077341512
3,AZN.L,0.040713460178070884
4,BARC.L,0.0
5,BAS.DE,0.012901575650843971
6,BMW.DE,0.04257264384942085
7,BNP.PA,0.0
8,ENEL.MI,0.009221400913304952
9,HSBA.L,0.06574690002343035
10,NESN.SW,0.19452151800558817
11,NOVN.SW,0.14133702309619192
12,OR.PA,0.0
13,SAN.PA,0.05510123253955792
14,SAP.DE,0.08124182514123802
15,SIE.DE,2.4936649967166602e-18
16,UNA.AS,0.19695860941359714
17,VOW3.DE,0.0
