,Tickets,Weights
0,AD.AS,0.26104945847636374
1,AIR.PA,0.0
2,ASML.AS,0.1106359302695585
3,BAS.DE,0.0
4,BMW.DE,1.152659375282597e-16
5,BNP.PA,0.08316153657359637
6,ENEL.MI,4.2676569201281767e-16
7,OR.PA,1.608793073852079e-16
8,SAN.PA,0.11208966729339644
9,SAP.DE,0.253069590540001
10,SIE.DE,9.839414711981591e-17
11,UNA.AS,0.1799938168470834
12,VOW3.DE,0.0
